Categorie: Alle categorieën,2,

Week,dixons carphone: (Verenigd Koninkrijk)
2014-11-30,31
2014-12-07,24
2014-12-14,39
2014-12-21,23
2014-12-28,18
2015-01-04,22
2015-01-11,23
2015-01-18,36
2015-01-25,34
2015-02-01,33
2015-02-08,32
2015-02-15,24
2015-02-22,25
2015-03-01,20
2015-03-08,24
2015-03-15,16
2015-03-22,24
2015-03-29,23
2015-04-05,15
2015-04-12,17
2015-04-19,19
2015-04-26,24
2015-05-03,17
2015-05-10,28
2015-05-17,24
2015-05-24,23
2015-05-31,49
2015-06-07,29
2015-06-14,24
2015-06-21,19
2015-06-28,33
2015-07-05,26
2015-07-12,45
2015-07-19,25
2015-07-26,18
2015-08-02,24
2015-08-09,29
2015-08-16,23
2015-08-23,34
2015-08-30,14
2015-09-06,26
2015-09-13,34
2015-09-20,24
2015-09-27,36
2015-10-04,28
2015-10-11,25
2015-10-18,32
2015-10-25,24
2015-11-01,28
2015-11-08,34
2015-11-15,22
2015-11-22,32
2015-11-29,28
2015-12-06,26
2015-12-13,31
2015-12-20,16
2015-12-27,15
2016-01-03,18
2016-01-10,22
2016-01-17,30
2016-01-24,58
2016-01-31,26
2016-02-07,26
2016-02-14,20
2016-02-21,21
2016-02-28,22
2016-03-06,22
2016-03-13,21
2016-03-20,30
2016-03-27,22
2016-04-03,19
2016-04-10,26
2016-04-17,19
2016-04-24,15
2016-05-01,16
2016-05-08,23
2016-05-15,23
2016-05-22,31
2016-05-29,20
2016-06-05,30
2016-06-12,24
2016-06-19,41
2016-06-26,57
2016-07-03,57
2016-07-10,52
2016-07-17,36
2016-07-24,28
2016-07-31,35
2016-08-07,33
2016-08-14,28
2016-08-21,29
2016-08-28,31
2016-09-04,35
2016-09-11,31
2016-09-18,39
2016-09-25,35
2016-10-02,41
2016-10-09,40
2016-10-16,37
2016-10-23,33
2016-10-30,31
2016-11-06,26
2016-11-13,32
2016-11-20,35
2016-11-27,29
2016-12-04,21
2016-12-11,52
2016-12-18,29
2016-12-25,18
2017-01-01,27
2017-01-08,42
2017-01-15,41
2017-01-22,50
2017-01-29,45
2017-02-05,44
2017-02-12,39
2017-02-19,36
2017-02-26,42
2017-03-05,33
2017-03-12,34
2017-03-19,31
2017-03-26,36
2017-04-02,33
2017-04-09,28
2017-04-16,33
2017-04-23,28
2017-04-30,25
2017-05-07,32
2017-05-14,30
2017-05-21,37
2017-05-28,20
2017-06-04,28
2017-06-11,27
2017-06-18,29
2017-06-25,49
2017-07-02,35
2017-07-09,34
2017-07-16,35
2017-07-23,34
2017-07-30,33
2017-08-06,39
2017-08-13,29
2017-08-20,100
2017-08-27,50
2017-09-03,51
2017-09-10,46
2017-09-17,41
2017-09-24,50
2017-10-01,48
2017-10-08,43
2017-10-15,35
2017-10-22,40
2017-10-29,41
2017-11-05,44
2017-11-12,37
2017-11-19,32
